hostname,operator,country,city_or_scope,type,counted,access,nts_documented,nts_measured,nts_evidence,stratum_measured,ipv6_measured,reachable,nts_from,reachable_from,leap_policy,verification,status_note
time.cloudflare.com,Cloudflare,International,Europe,anycast,yes,public,yes,yes,yes — NTS utilisable : ALPN ntske/1 + certificat valide pour ce nom,3,yes,yes,6/6,6/6,standard,measured-2026-07-12,Global service with European PoPs
time.google.com,Google,International,Europe,anycast,yes,public,no,no,silent — port 4460 muet — peut être une ACL,1,yes,yes,0/6,6/6,smear,measured-2026-07-12,Global service with European presence
time1.google.com,Google,International,Europe,alias,no,public,no,no,silent — port 4460 muet — peut être une ACL,1,yes,yes,0/6,6/6,smear,measured-2026-07-12,Alias DNS de time.google.com (216.239.35.0) — MÊME machine. Exclu des décomptes.
time2.google.com,Google,International,Europe,service endpoint,yes,public,no,no,silent — port 4460 muet — peut être une ACL,1,yes,yes,0/6,6/6,smear,measured-2026-07-12,Google Public NTP
time3.google.com,Google,International,Europe,service endpoint,yes,public,no,no,silent — port 4460 muet — peut être une ACL,1,yes,yes,0/6,6/6,smear,measured-2026-07-12,Google Public NTP
time4.google.com,Google,International,Europe,service endpoint,yes,public,no,no,silent — port 4460 muet — peut être une ACL,1,yes,yes,0/6,6/6,smear,measured-2026-07-12,Google Public NTP
time.euro.apple.com,Apple,International,Europe,regional service alias,yes,public,no,no,silent — port 4460 muet — peut être une ACL,1,yes,yes,0/6,6/6,unknown,measured-2026-07-12,Apple European endpoint
time.facebook.com,Meta,International,Europe,anycast,yes,public,no,no,silent — port 4460 muet — peut être une ACL,1,yes,yes,0/6,6/6,smear,measured-2026-07-12,Global service with European presence
ntp.ubuntu.com,Canonical,United Kingdom,Europe,managed service alias,yes,public,no,no,refused — port 4460 fermé,2,yes,yes,0/6,6/6,standard,measured-2026-07-12,Ubuntu managed time service
paris.time.system76.com,System76,France,Paris,server,yes,public,yes,yes,yes — NTS utilisable : ALPN ntske/1 + certificat valide pour ce nom,2,yes,yes,6/6,6/6,standard,measured-2026-07-12,Observed active 2026-07-12
ptbtime1.ptb.de,PTB,Germany,Braunschweig,server,yes,public,yes,yes,yes — NTS utilisable : ALPN ntske/1 + certificat valide pour ce nom,1,yes,yes,6/6,6/6,standard,measured-2026-07-12,Official German legal-time service; stratum 1
ptbtime2.ptb.de,PTB,Germany,Braunschweig,server,yes,public,yes,yes,yes — NTS utilisable : ALPN ntske/1 + certificat valide pour ce nom,1,yes,yes,6/6,6/6,standard,measured-2026-07-12,Official German legal-time service; stratum 1
ptbtime3.ptb.de,PTB,Germany,Braunschweig,server,yes,public,yes,yes,yes — NTS utilisable : ALPN ntske/1 + certificat valide pour ce nom,1,yes,yes,6/6,6/6,standard,measured-2026-07-12,Official German legal-time service; stratum 1
ptbtime4.ptb.de,PTB,Germany,separate site,server,yes,public,yes,yes,yes — NTS utilisable : ALPN ntske/1 + certificat valide pour ce nom,1,yes,yes,6/6,6/6,standard,measured-2026-07-12,Official German legal-time service; separate resilience site
ntp.se,Netnod,Sweden,Sweden,anycast,yes,public,no,no,silent — port 4460 muet — peut être une ACL,1,yes,yes,0/6,6/6,standard,measured-2026-07-12,Official Swedish distributed service
nts.ntp.se,Netnod,Sweden,Sweden,anycast,yes,public,yes,yes,yes — NTS utilisable : ALPN ntske/1 + certificat valide pour ce nom,,no,no,6/6,0/6,standard,measured-2026-07-12,NTS endpoint
gbg1.ntp.se,Netnod,Sweden,Gothenburg,server,yes,public,no,no,silent — port 4460 muet — peut être une ACL,1,yes,yes,0/6,6/6,standard,measured-2026-07-12,Stratum 1
gbg2.ntp.se,Netnod,Sweden,Gothenburg,server,yes,public,no,no,silent — port 4460 muet — peut être une ACL,1,yes,yes,0/6,6/6,standard,measured-2026-07-12,Stratum 1
mmo1.ntp.se,Netnod,Sweden,Malmo,server,yes,public,no,no,silent — port 4460 muet — peut être une ACL,1,yes,yes,0/6,6/6,standard,measured-2026-07-12,Stratum 1
mmo2.ntp.se,Netnod,Sweden,Malmo,server,yes,public,no,no,silent — port 4460 muet — peut être une ACL,1,yes,yes,0/6,6/6,standard,measured-2026-07-12,Stratum 1
sth1.ntp.se,Netnod,Sweden,Stockholm,server,yes,public,no,no,silent — port 4460 muet — peut être une ACL,1,yes,yes,0/6,6/6,standard,measured-2026-07-12,Stratum 1
sth2.ntp.se,Netnod,Sweden,Stockholm,server,yes,public,no,no,silent — port 4460 muet — peut être une ACL,1,yes,yes,0/6,6/6,standard,measured-2026-07-12,Stratum 1
sth3.ntp.se,Netnod,Sweden,Stockholm,server,yes,public,no,no,silent — port 4460 muet — peut être une ACL,1,yes,yes,0/6,6/6,standard,measured-2026-07-12,Stratum 1
sth4.ntp.se,Netnod,Sweden,Stockholm,server,yes,public,no,no,silent — port 4460 muet — peut être une ACL,1,yes,yes,0/6,6/6,standard,measured-2026-07-12,Stratum 1
svl1.ntp.se,Netnod,Sweden,Sundsvall,server,yes,public,no,no,silent — port 4460 muet — peut être une ACL,1,yes,yes,0/6,6/6,standard,measured-2026-07-12,Stratum 1
svl2.ntp.se,Netnod,Sweden,Sundsvall,server,yes,public,no,no,silent — port 4460 muet — peut être une ACL,1,yes,yes,0/6,6/6,standard,measured-2026-07-12,Stratum 1
lul1.ntp.se,Netnod,Sweden,Lulea,server,yes,public,no,no,silent — port 4460 muet — peut être une ACL,1,yes,yes,0/6,6/6,standard,measured-2026-07-12,Stratum 1
lul2.ntp.se,Netnod,Sweden,Lulea,server,yes,public,no,no,silent — port 4460 muet — peut être une ACL,1,yes,yes,0/6,6/6,standard,measured-2026-07-12,Stratum 1
ntp.time.nl,SIDN Labs,Netherlands,Arnhem,managed service alias,yes,public,no,no,silent — port 4460 muet — peut être une ACL,1,yes,yes,0/6,6/6,standard,measured-2026-07-12,TimeNL public NTP
nts.time.nl,SIDN Labs,Netherlands,Arnhem,managed service alias,yes,public,yes,yes,yes — NTS utilisable : ALPN ntske/1 + certificat valide pour ce nom,1,yes,yes,6/6,6/6,standard,measured-2026-07-12,TimeNL public NTS
any.time.nl,SIDN Labs,Netherlands,Europe,anycast,yes,public,unknown,yes,yes — NTS utilisable : ALPN ntske/1 + certificat valide pour ce nom,2,yes,yes,6/6,6/6,standard,measured-2026-07-12,TimeNL anycast
ntp1.inrim.it,INRiM,Italy,Turin,server,yes,public,no,no,refused — port 4460 fermé,1,yes,yes,0/6,6/6,standard,measured-2026-07-12,UTC(IT); stratum 1
ntp2.inrim.it,INRiM,Italy,Turin,server,yes,public,no,no,refused — port 4460 fermé,1,yes,yes,0/6,6/6,standard,measured-2026-07-12,UTC(IT); stratum 1
time.inrim.it,INRiM,Italy,Turin,server,yes,public,no,no,refused — port 4460 fermé,2,yes,yes,0/6,6/6,standard,measured-2026-07-12,NTP plus TIME and DAYTIME
ntp.roa.es,Real Instituto y Observatorio de la Armada,Spain,Spain,managed service alias,yes,public,no,no,silent — port 4460 muet — peut être une ACL,1,no,yes,0/6,6/6,standard,measured-2026-07-12,Official Spanish time service
hora.roa.es,Real Instituto y Observatorio de la Armada,Spain,San Fernando,alias,no,public,no,no,silent — port 4460 muet — peut être une ACL,1,no,yes,0/6,6/6,standard,measured-2026-07-12,Alias DNS de ntp.roa.es (150.214.94.5) — MÊME machine. Exclu des décomptes.
minuto.roa.es,Real Instituto y Observatorio de la Armada,Spain,Madrid or San Fernando,server,yes,public,no,no,silent — port 4460 muet — peut être une ACL,1,no,yes,0/6,6/6,standard,measured-2026-07-12,Official Spanish time service
tempus1.gum.gov.pl,Central Office of Measures (GUM),Poland,Warsaw,server,yes,public,no,no,silent — port 4460 muet — peut être une ACL,1,no,yes,0/6,6/6,standard,measured-2026-07-12,Official Polish time; stratum 1
tempus2.gum.gov.pl,Central Office of Measures (GUM),Poland,Warsaw,server,yes,public,no,no,silent — port 4460 muet — peut être une ACL,1,no,yes,0/6,6/6,standard,measured-2026-07-12,Official Polish time; stratum 1
ntp11.metas.ch,METAS,Switzerland,Bern-Wabern,server,yes,public,no,no,silent — port 4460 muet — peut être une ACL,1,no,yes,0/6,6/6,standard,measured-2026-07-12,Official Swiss time; stratum 1
ntp12.metas.ch,METAS,Switzerland,Bern-Wabern,server,yes,public,no,no,silent — port 4460 muet — peut être une ACL,1,no,yes,0/6,6/6,standard,measured-2026-07-12,Official Swiss time; stratum 1
ntp13.metas.ch,METAS,Switzerland,Bern-Wabern,server,yes,public,no,no,silent — port 4460 muet — peut être une ACL,1,no,yes,0/6,6/6,standard,measured-2026-07-12,Official Swiss time; stratum 1
ntp.metas.ch,METAS,Switzerland,Switzerland,managed service alias,yes,public,no,no,silent — port 4460 muet — peut être une ACL,1,no,yes,0/6,6/6,standard,measured-2026-07-12,Alias to a METAS server
ts1.aco.net,ACOnet,Austria,Vienna,server,yes,public,no,no,silent — port 4460 muet — peut être une ACL,1,yes,yes,0/6,6/6,standard,measured-2026-07-12,GPS/Galileo; stratum 1
ts2.aco.net,ACOnet,Austria,Vienna,server,yes,public,no,no,silent — port 4460 muet — peut être une ACL,2,yes,yes,0/6,6/6,standard,measured-2026-07-12,GPS; stratum 1
ts11.univie.ac.at,University of Vienna,Austria,distributed,anycast,yes,public,yes,yes,yes — NTS utilisable : ALPN ntske/1 + certificat valide pour ce nom,2,yes,yes,6/6,6/6,standard,measured-2026-07-12,NTP/NTS; stratum 2
ntp.belnet.be,Belnet,Belgium,Belgium,managed service alias,yes,public,no,no,tls-error — TLS échoue,2,yes,yes,0/6,6/6,standard,measured-2026-07-12,Public research-network service
time.belnet.be,Belnet,Belgium,Belgium,alias,no,public,no,no,tls-error — TLS échoue,2,yes,yes,0/6,6/6,standard,measured-2026-07-12,Alias DNS de ntp.belnet.be (193.190.198.10) — MÊME machine. Exclu des décomptes.
ntp-public-1.oma.be,Royal Observatory of Belgium,Belgium,Brussels,alias,no,public,no,no,silent — port 4460 muet — peut être une ACL,2,no,yes,0/6,6/6,standard,measured-2026-07-12,Alias DNS de ntp1.oma.be (193.190.230.105) — MÊME machine. Exclu des décomptes.
ntp-public-2.oma.be,Royal Observatory of Belgium,Belgium,Brussels,alias,no,public,no,no,silent — port 4460 muet — peut être une ACL,2,no,yes,0/6,6/6,standard,measured-2026-07-12,Alias DNS de ntp2.oma.be (193.190.230.106) — MÊME machine. Exclu des décomptes.
ntp-p1.obspm.fr,Observatoire de Paris / LNE-SYRTE,France,Paris,server,yes,public-notify,no,no,silent — port 4460 muet — peut être une ACL,1,no,yes,0/6,6/6,standard,measured-2026-07-12,Observed active S1 2026-07-12; UTC(OP)
saturne.obs-besancon.fr,Observatoire de Besancon / LNE-LTFB,France,Besancon,server,yes,public-notify,no,no,silent — port 4460 muet — peut être une ACL,,no,no,0/6,0/6,standard,measured-2026-07-12,Observed active S1 2026-07-12
ntp.obspm.fr,Observatoire de Paris / LNE-SYRTE,France,Paris,server,yes,public,no,no,silent — port 4460 muet — peut être une ACL,2,no,yes,0/6,6/6,standard,measured-2026-07-12,Observed active S2 2026-07-12
ntp.cines.fr,CINES,France,Montpellier,server,yes,restricted,no,no,silent — port 4460 muet — peut être une ACL,,no,no,0/6,0/6,standard,measured-2026-07-12,Responded REFUSED 2026-07-12
ntp1.jussieu.fr,Sorbonne Universite,France,Paris,server,yes,public-notify,no,no,silent — port 4460 muet — peut être une ACL,2,no,yes,0/6,6/6,standard,measured-2026-07-12,Observed active S2 2026-07-12
ntp.genoscope.cns.fr,Genoscope,France,Evry,server,yes,restricted,no,no,silent — port 4460 muet — peut être une ACL,,no,no,0/6,0/6,standard,measured-2026-07-12,Responded REFUSED 2026-07-12
time.kuro-home.net,Independent,France,Besancon,server,yes,public,no,no,silent — port 4460 muet — peut être une ACL,1,no,yes,0/6,6/6,standard,measured-2026-07-12,Observed active S1 2026-07-12
ntp.accelance.net,Accelance,France,Lyon,server,yes,public,no,no,silent — port 4460 muet — peut être une ACL,2,no,yes,0/6,6/6,standard,measured-2026-07-12,Observed active S2 2026-07-12
ntp.viarouge.net,Hubert Viarouge,France,Nancy,server,yes,public,yes,yes,yes — NTS utilisable : ALPN ntske/1 + certificat valide pour ce nom,2,no,yes,6/6,6/6,standard,measured-2026-07-12,Observed active S2 2026-07-12
ntp.univ-rennes2.fr,Universite Rennes 2,France,Rennes,managed service alias,yes,public,no,no,silent — port 4460 muet — peut être une ACL,2,no,yes,0/6,6/6,standard,measured-2026-07-12,Observed active S2 2026-07-12
ntp.lothaire.net,Universite de Lorraine,France,Nancy,managed service alias,yes,public,no,no,silent — port 4460 muet — peut être une ACL,2,yes,yes,0/6,6/6,standard,measured-2026-07-12,Observed active S2 dual-stack 2026-07-12
ntp.laas.fr,LAAS-CNRS,France,Toulouse,managed service alias,yes,public,no,no,silent — port 4460 muet — peut être une ACL,2,yes,yes,0/6,6/6,standard,measured-2026-07-12,Observed active S2 dual-stack 2026-07-12
ntp.u-psud.fr,Universite Paris-Saclay,France,Orsay,managed service alias,yes,public,no,no,silent — port 4460 muet — peut être une ACL,2,no,yes,0/6,6/6,standard,measured-2026-07-12,Observed active S2 2026-07-12
ntp.unicaen.fr,Universite de Caen,France,Caen,managed service alias,yes,public,no,no,silent — port 4460 muet — peut être une ACL,2,no,yes,0/6,6/6,standard,measured-2026-07-12,Observed active S2 2026-07-12
ntp.unice.fr,Universite Cote d'Azur,France,Nice,server,yes,public,no,no,silent — port 4460 muet — peut être une ACL,2,no,yes,0/6,6/6,standard,measured-2026-07-12,Observed active S2 2026-07-12
ntp.ensma.fr,ISAE-ENSMA,France,Poitiers,server,yes,restricted,no,no,silent — port 4460 muet — peut être une ACL,,no,no,0/6,0/6,standard,measured-2026-07-12,Responded REFUSED 2026-07-12
ntp.polytechnique.fr,Ecole polytechnique,France,Saclay,server,yes,on-request,no,no,silent — port 4460 muet — peut être une ACL,2,no,yes,0/6,6/6,standard,measured-2026-07-12,Observed active S2 2026-07-12
ntp.sophia.cnrs.fr,CNRS DR20,France,Sophia Antipolis,managed service alias,yes,public,no,no,silent — port 4460 muet — peut être une ACL,3,no,yes,0/6,6/6,standard,measured-2026-07-12,Observed active S3 2026-07-12
ntp.univ-lyon1.fr,Universite Lyon 1 / CISM,France,Lyon,alias,no,public,no,no,silent — port 4460 muet — peut être une ACL,2,yes,yes,0/6,6/6,standard,measured-2026-07-12,Alias DNS de ntp.insa-lyon.fr (134.214.100.6) — MÊME machine. Exclu des décomptes.
ntp.univ-angers.fr,Universite d'Angers,France,Angers,server,yes,public,no,no,refused — port 4460 fermé,2,no,yes,0/6,6/6,standard,measured-2026-07-12,Observed active S2 2026-07-12
chronos.espci.fr,ESPCI Paris,France,Paris,server,yes,restricted,no,no,refused — port 4460 fermé,,no,no,0/6,0/6,standard,measured-2026-07-12,Responded REFUSED 2026-07-12
ntp.univ-reims.fr,Universite de Reims,France,Reims,server,yes,public,no,no,silent — port 4460 muet — peut être une ACL,2,no,yes,0/6,6/6,standard,measured-2026-07-12,Observed active S2 2026-07-12
ntp2.emn.fr,IMT Atlantique,France,Nantes,server,yes,public,no,no,silent — port 4460 muet — peut être une ACL,2,no,yes,0/6,6/6,standard,measured-2026-07-12,Observed active S2 2026-07-12
ntp.uvsq.fr,Universite de Versailles Saint-Quentin,France,Versailles,server,yes,public,no,no,silent — port 4460 muet — peut être une ACL,3,no,yes,0/6,6/6,standard,measured-2026-07-12,Observed active S2 2026-07-12
chronos.univ-brest.fr,Universite de Brest,France,Brest,server,yes,restricted,no,no,silent — port 4460 muet — peut être une ACL,,no,no,0/6,0/6,standard,measured-2026-07-12,Responded REFUSED 2026-07-12
delphi.phys.univ-tours.fr,Universite de Tours,France,Tours,server,yes,public,no,no,silent — port 4460 muet — peut être une ACL,2,no,yes,0/6,6/6,standard,measured-2026-07-12,Observed active S2 2026-07-12
ntp1.onecert.fr,ONERA,France,Toulouse,server,yes,restricted,no,no,silent — port 4460 muet — peut être une ACL,,no,no,0/6,0/6,standard,measured-2026-07-12,Responded REFUSED 2026-07-12
ntp.relier.fr,Relier / Universite de Limoges,France,Limoges,server,yes,public,no,no,refused — port 4460 fermé,2,no,yes,0/6,6/6,standard,measured-2026-07-12,Observed active S2 2026-07-12
ntp-0-hq.rdem-systems.com,RDEM Systems,France,Pontoise,server,yes,public,no,no,silent — port 4460 muet — peut être une ACL,,no,partial,0/6,4/6,standard,measured-2026-07-12,Observed active S1 2026-07-12
ntp-1.rdem-systems.com,RDEM Systems,France,Paris region,server,yes,public,yes,yes,yes — NTS utilisable : ALPN ntske/1 + certificat valide pour ce nom,3,yes,yes,6/6,6/6,standard,measured-2026-07-12,Observed active 2026-07-12
ntp-2.rdem-systems.com,RDEM Systems,France,Paris region,server,yes,public,yes,yes,yes — NTS utilisable : ALPN ntske/1 + certificat valide pour ce nom,2,yes,yes,6/6,6/6,standard,measured-2026-07-12,Observed active 2026-07-12
ntp-3.rdem-systems.com,RDEM Systems,France,Paris region,server,yes,public,yes,yes,yes — NTS utilisable : ALPN ntske/1 + certificat valide pour ce nom,3,yes,yes,6/6,6/6,standard,measured-2026-07-12,Observed active 2026-07-12
ntp-4.rdem-systems.com,RDEM Systems,France,Paris region,server,yes,public,yes,yes,yes — NTS utilisable : ALPN ntske/1 + certificat valide pour ce nom,2,yes,yes,6/6,6/6,standard,measured-2026-07-12,Observed active 2026-07-12
ntp-5.rdem-systems.com,RDEM Systems,France,Paris region,server,yes,public,yes,yes,yes — NTS utilisable : ALPN ntske/1 + certificat valide pour ce nom,3,yes,yes,6/6,6/6,standard,measured-2026-07-12,Observed active 2026-07-12
ntp-6.rdem-systems.com,RDEM Systems,France,Paris region,server,yes,public,yes,yes,yes — NTS utilisable : ALPN ntske/1 + certificat valide pour ce nom,2,yes,yes,6/6,6/6,standard,measured-2026-07-12,Observed active 2026-07-12
ntp-7.rdem-systems.com,RDEM Systems,Germany,Frankfurt,server,yes,public,yes,yes,yes — NTS utilisable : ALPN ntske/1 + certificat valide pour ce nom,2,yes,yes,6/6,6/6,standard,measured-2026-07-12,Observed active 2026-07-12
ntp-8.rdem-systems.com,RDEM Systems,France,Paris region,server,yes,public,yes,yes,yes — NTS utilisable : ALPN ntske/1 + certificat valide pour ce nom,2,yes,yes,6/6,6/6,standard,measured-2026-07-12,Observed active 2026-07-12
ntp-9.rdem-systems.com,RDEM Systems,France,Paris region,server,yes,public,yes,yes,yes — NTS utilisable : ALPN ntske/1 + certificat valide pour ce nom,2,yes,yes,6/6,6/6,standard,measured-2026-07-12,Observed active 2026-07-12
ntp-10.rdem-systems.com,RDEM Systems,France,Paris region,server,yes,public,yes,yes,yes — NTS utilisable : ALPN ntske/1 + certificat valide pour ce nom,2,yes,yes,6/6,6/6,standard,measured-2026-07-12,Observed active 2026-07-12
ntp-11.rdem-systems.com,RDEM Systems,France,Paris region,server,yes,public,yes,yes,yes — NTS utilisable : ALPN ntske/1 + certificat valide pour ce nom,2,yes,yes,6/6,6/6,standard,measured-2026-07-12,Observed active 2026-07-12
ntp-12.rdem-systems.com,RDEM Systems,France,France,server,yes,public,yes,yes,yes — NTS utilisable : ALPN ntske/1 + certificat valide pour ce nom,2,yes,yes,6/6,6/6,standard,measured-2026-07-12,Observed active 2026-07-12
ntp.nic.cz,CZ.NIC,Czech Republic,Czech Republic,server,yes,public,unknown,no,silent — port 4460 muet — peut être une ACL,1,yes,yes,0/6,6/6,standard,measured-2026-07-12,Known operator endpoint; verify current access and location
time.ufe.cz,Institute of Photonics and Electronics CAS,Czech Republic,Prague,server,yes,public,unknown,no,silent — port 4460 muet — peut être une ACL,,no,no,0/6,0/6,standard,measured-2026-07-12,Historical public NTP listing
ntp1.fau.de,FAU Erlangen-Nuremberg,Germany,Erlangen,server,yes,public,no,yes,yes — NTS utilisable : ALPN ntske/1 + certificat valide pour ce nom,1,no,yes,6/6,6/6,standard,measured-2026-07-12,Historical public endpoint | ÉCART : sert NTS sans le documenter (mesuré 2026-07-12)
ntp2.fau.de,FAU Erlangen-Nuremberg,Germany,Erlangen,server,yes,public,no,no,refused — port 4460 fermé,1,no,yes,0/6,6/6,standard,measured-2026-07-12,Historical public endpoint
ntp1.hetzner.de,Hetzner Online,Germany,Germany,server,yes,public,no,yes,yes — NTS utilisable : ALPN ntske/1 + certificat valide pour ce nom,2,yes,yes,6/6,6/6,standard,measured-2026-07-12,Known provider endpoint | ÉCART : sert NTS sans le documenter (mesuré 2026-07-12)
ntp2.hetzner.de,Hetzner Online,Germany,Germany,server,yes,public,no,yes,yes — NTS utilisable : ALPN ntske/1 + certificat valide pour ce nom,2,yes,yes,6/6,6/6,standard,measured-2026-07-12,Known provider endpoint | ÉCART : sert NTS sans le documenter (mesuré 2026-07-12)
ntp3.hetzner.de,Hetzner Online,Germany,Germany,server,yes,public,no,yes,yes — NTS utilisable : ALPN ntske/1 + certificat valide pour ce nom,2,yes,yes,6/6,6/6,standard,measured-2026-07-12,Known provider endpoint | ÉCART : sert NTS sans le documenter (mesuré 2026-07-12)
time.fu-berlin.de,Freie Universitat Berlin,Germany,Berlin,server,yes,public,unknown,no,silent — port 4460 muet — peut être une ACL,1,no,yes,0/6,6/6,standard,measured-2026-07-12,Historical academic endpoint
zeit.fu-berlin.de,Freie Universitat Berlin,Germany,Berlin,server,yes,public,unknown,no,silent — port 4460 muet — peut être une ACL,1,no,yes,0/6,6/6,standard,measured-2026-07-12,Historical academic endpoint
ntps1-0.cs.tu-berlin.de,TU Berlin,Germany,Berlin,server,yes,unknown,unknown,no,silent — port 4460 muet — peut être une ACL,1,no,yes,0/6,6/6,standard,measured-2026-07-12,Historical stratum-1 endpoint
ntps1-1.cs.tu-berlin.de,TU Berlin,Germany,Berlin,server,yes,unknown,unknown,no,silent — port 4460 muet — peut être une ACL,,no,no,0/6,0/6,standard,measured-2026-07-12,Historical stratum-1 endpoint
asynchronos.iiss.at,IISS,Austria,Austria,server,yes,unknown,unknown,no,dns — le nom ne résout pas,,no,no,0/6,0/6,standard,measured-2026-07-12,Historical public listing
ntp.atomki.mta.hu,ATOMKI,Hungary,Debrecen,server,yes,public,unknown,no,dns — le nom ne résout pas,,no,no,0/6,0/6,standard,measured-2026-07-12,Historical public endpoint
ntp.fizyka.umk.pl,Nicolaus Copernicus University,Poland,Torun,server,yes,public,unknown,no,silent — port 4460 muet — peut être une ACL,1,no,yes,0/6,6/6,standard,measured-2026-07-12,Historical academic endpoint
ntp1.usv.ro,Stefan cel Mare University,Romania,Suceava,server,yes,public,unknown,no,error — erreur,,no,no,0/6,0/6,standard,measured-2026-07-12,Historical public endpoint
ntp3.usv.ro,Stefan cel Mare University,Romania,Suceava,server,yes,public,unknown,no,error — erreur,,no,no,0/6,0/6,standard,measured-2026-07-12,Historical public endpoint
ntp-galway.hea.net,HEAnet,Ireland,Galway,server,yes,public,unknown,no,silent — port 4460 muet — peut être une ACL,2,no,yes,0/6,6/6,standard,measured-2026-07-12,Historical research-network endpoint
ntp.ripe.net,RIPE NCC,Netherlands,Amsterdam,server,yes,unknown,unknown,no,silent — port 4460 muet — peut être une ACL,1,yes,yes,0/6,6/6,standard,measured-2026-07-12,Known historical endpoint; access/status must be checked
ntp.neel.ch,Independent or NEEL,Switzerland,Switzerland,server,yes,public,unknown,no,silent — port 4460 muet — peut être une ACL,1,yes,yes,0/6,6/6,standard,measured-2026-07-12,Historical public endpoint
ntp.zeitgitter.net,Zeitgitter / Trifence,Switzerland,Switzerland,managed service alias,yes,public,yes,no,tls-error — TLS échoue,,no,no,0/6,0/6,standard,measured-2026-07-12,"Known NTS endpoint | ÉCART : annonce NTS, ne le sert pas (mesuré 2026-07-12)"
ntp.trifence.ch,Trifence AG,Switzerland,Switzerland,server,yes,public,yes,no,tls-error — TLS échoue,,no,no,0/6,0/6,standard,measured-2026-07-12,"Known NTS endpoint | ÉCART : annonce NTS, ne le sert pas (mesuré 2026-07-12)"
time.esa.int,European Space Agency,International,Europe,server,yes,unknown,unknown,no,silent — port 4460 muet — peut être une ACL,1,no,yes,0/6,6/6,standard,measured-2026-07-12,Historical ESA endpoint
time1.esa.int,European Space Agency,International,Europe,alias,no,unknown,unknown,no,silent — port 4460 muet — peut être une ACL,1,no,yes,0/6,6/6,standard,measured-2026-07-12,Alias DNS de time.esa.int (192.171.1.150) — MÊME machine. Exclu des décomptes.
time1.stupi.se,STUPI AB,Sweden,Sweden,server,yes,public,unknown,no,silent — port 4460 muet — peut être une ACL,1,no,yes,0/6,6/6,standard,measured-2026-07-12,Historical public endpoint
timehost.lysator.liu.se,Lysator / Linkoping University,Sweden,Linkoping,server,yes,public,unknown,no,dns — le nom ne résout pas,,no,no,0/6,0/6,standard,measured-2026-07-12,Historical academic endpoint
chronos.cru.fr,CRU / Universite Rennes 1,France,Rennes,server,yes,closed,no,no,dns — le nom ne résout pas,,no,no,0/6,0/6,standard,measured-2026-07-12,DNS failure observed 2026-07-12
canon.inria.fr,INRIA,France,Rocquencourt,server,yes,closed,no,no,dns — le nom ne résout pas,,no,no,0/6,0/6,standard,measured-2026-07-12,DNS failure observed 2026-07-12
ntp-sop.inria.fr,INRIA,France,Sophia Antipolis,server,yes,closed,no,no,dns — le nom ne résout pas,,no,no,0/6,0/6,standard,measured-2026-07-12,DNS failure observed 2026-07-12
ntp.crashdump.fr,Crashdump,France,Rennes,server,yes,unknown,unknown,no,dns — le nom ne résout pas,,no,no,0/6,0/6,standard,measured-2026-07-12,DNS failure observed 2026-07-12
ntp.midway.ovh,Independent / OVH hosted,France,Gravelines,server,yes,unknown,unknown,no,dns — le nom ne résout pas,,no,no,0/6,0/6,standard,measured-2026-07-12,DNS failure observed 2026-07-12
time.resolvlab.com,ResoLv SARL,France,Clermont-Ferrand,server,yes,unknown,unknown,no,dns — le nom ne résout pas,,no,no,0/6,0/6,standard,measured-2026-07-12,DNS failure observed 2026-07-12
ntp.ilianum.com,SKV Consulting,France,Pontoise,server,yes,unknown,unknown,no,dns — le nom ne résout pas,,no,no,0/6,0/6,standard,measured-2026-07-12,DNS failure observed 2026-07-12
bevtime1.metrologie.at,BEV (Bundesamt für Eich- und Vermessungswesen),Austria,Vienna,national metrology,yes,public,yes,yes,yes — NTS utilisable : ALPN ntske/1 + certificat valide pour ce nom,1,no,yes,6/6,6/6,standard,measured-2026-07-12,"Stratum 1, refid ATOM. NTS mesuré (ALPN). Pas d'IPv6."
bevtime2.metrologie.at,BEV,Austria,Vienna,national metrology,yes,public,yes,yes,yes — NTS utilisable : ALPN ntske/1 + certificat valide pour ce nom,1,no,yes,6/6,6/6,standard,measured-2026-07-12,Stratum 1. NTS mesuré. Pas d'IPv6.
nts1.roa.es,ROA (Real Observatorio de la Armada),Spain,San Fernando,national metrology,yes,public,yes,yes,yes — NTS utilisable : ALPN ntske/1 + certificat valide pour ce nom,1,no,yes,6/6,6/6,standard,measured-2026-07-12,Endpoint NTS dédié. hora/minuto.roa.es ne font PAS de NTS.
hora.rediris.es,RedIRIS,Spain,Madrid,academic,yes,restricted,no,no,silent — port 4460 muet — peut être une ACL,,no,no,0/6,0/6,standard,measured-2026-07-12,AAAA publié. Muet en NTP depuis la France (ACL probable).
nts.netnod.se,Netnod,Sweden,Stockholm,national metrology,yes,public,yes,yes,yes — NTS utilisable : ALPN ntske/1 + certificat valide pour ce nom,,no,no,6/6,0/6,standard,measured-2026-07-12,Endpoint NTS. Ne répond PAS au NTP en clair (par conception).
sth1.nts.netnod.se,Netnod,Sweden,Stockholm,national metrology,yes,public,yes,yes,yes — NTS utilisable : ALPN ntske/1 + certificat valide pour ce nom,,no,no,6/6,0/6,standard,measured-2026-07-12,Endpoint NTS Stockholm. NTP en clair muet.
ntppool1.time.nl,SIDN Labs / TimeNL,Netherlands,Arnhem,national metrology,yes,public,yes,yes,yes — NTS utilisable : ALPN ntske/1 + certificat valide pour ce nom,1,yes,yes,6/6,6/6,standard,measured-2026-07-12,Stratum 1 + NTS mesuré. ntp.time.nl ne fait PAS de NTS.
ntp1.npl.co.uk,NPL (National Physical Laboratory),United Kingdom,Teddington,national metrology,yes,public,no,no,silent — port 4460 muet — peut être une ACL,1,no,yes,0/6,6/6,standard,measured-2026-07-12,"Stratum 1 (refid MBGh). Pas de NTS, pas d'IPv6."
ntp1.oma.be,Observatoire royal de Belgique,Belgium,Uccle,national metrology,yes,public,no,no,silent — port 4460 muet — peut être une ACL,2,no,yes,0/6,6/6,standard,measured-2026-07-12,Stratum 2 seulement. Pas de NTS ni d'IPv6.
ntp2.oma.be,Observatoire royal de Belgique,Belgium,Uccle,national metrology,yes,public,no,no,silent — port 4460 muet — peut être une ACL,2,no,yes,0/6,6/6,standard,measured-2026-07-12,"Stratum 2. IPv6 oui, NTS non."
ntp.justervesenet.no,Justervesenet,Norway,Kjeller,national metrology,yes,public,no,no,refused — port 4460 fermé,1,no,yes,0/6,6/6,standard,measured-2026-07-12,Stratum 1. Pas de NTS ni d'IPv6.
ntp02.oal.ul.pt,Observatório Astronómico de Lisboa,Portugal,Lisbon,national metrology,yes,public,no,no,silent — port 4460 muet — peut être une ACL,,no,partial,0/6,5/6,standard,measured-2026-07-12,Stratum 2 seulement. Pas de NTS ni d'IPv6.
ntp.renater.fr,Renater (réseau académique national),France,Paris,academic,yes,public,no,no,silent — port 4460 muet — peut être une ACL,1,no,yes,0/6,6/6,standard,measured-2026-07-12,"Stratum 1 VIVANT — contrairement aux listes Renater, abandonnées depuis 2007."
ntp.ovh.net,OVHcloud,France,Roubaix,operator,yes,public,no,no,silent — port 4460 muet — peut être une ACL,2,no,yes,0/6,6/6,standard,measured-2026-07-12,"Stratum 2, IPv6. Pas de NTS."
ntp.online.net,Scaleway / Online (Iliad),France,Paris,operator,yes,public,no,no,refused — port 4460 fermé,3,no,yes,0/6,6/6,standard,measured-2026-07-12,Stratum 3. Pas de NTS ni d'IPv6.
ntp.tuxfamily.org,TuxFamily (associatif),France,Paris,community,yes,public,no,no,silent — port 4460 muet — peut être une ACL,2,yes,yes,0/6,6/6,standard,measured-2026-07-12,"Stratum 2, IPv6. Pas de NTS."
ntp.enst.fr,Télécom Paris,France,Palaiseau,academic,yes,public,no,no,silent — port 4460 muet — peut être une ACL,2,yes,yes,0/6,6/6,standard,measured-2026-07-12,"Stratum 2, IPv6. Pas de NTS."
ntp.insa-lyon.fr,INSA Lyon,France,Lyon,academic,yes,public,no,no,silent — port 4460 muet — peut être une ACL,2,yes,yes,0/6,6/6,standard,measured-2026-07-12,"Stratum 2, IPv6. Pas de NTS."
ntp.univ-lille.fr,Université de Lille,France,Lille,academic,yes,public,no,no,silent — port 4460 muet — peut être une ACL,2,no,yes,0/6,6/6,standard,measured-2026-07-12,Stratum 2. Pas de NTS ni d'IPv6.
ntp.univ-nantes.fr,Université de Nantes,France,Nantes,academic,yes,public,no,no,silent — port 4460 muet — peut être une ACL,3,no,yes,0/6,6/6,standard,measured-2026-07-12,"Stratum 3, IPv6. Pas de NTS."
ntp.univ-poitiers.fr,Université de Poitiers,France,Poitiers,academic,yes,public,no,no,silent — port 4460 muet — peut être une ACL,3,no,yes,0/6,6/6,standard,measured-2026-07-12,Stratum 3. Pas de NTS ni d'IPv6.
ntp-pool.rdem-systems.com,RDEM Systems,France,Paris,pool-alias,no,public,yes,yes,yes — NTS utilisable : ALPN ntske/1 + certificat valide pour ce nom,2,yes,yes,6/6,6/6,standard,measured-2026-07-12,Entrée pool load-balancée vers les 12 serveurs RDEM. N'EST PAS un 13e serveur — exclue des décomptes.
nts.teambelgium.net,Team Belgium,Belgium,,server,yes,public,yes,yes,yes — NTS utilisable : ALPN ntske/1 + certificat valide pour ce nom,1,yes,yes,6/6,6/6,standard,measured-2026-07-12,Source : jauderho/nts-servers
nts1.ntp.hr,UNIZG FER REMLAB,Croatia,,server,yes,public,yes,no,silent — port 4460 muet — peut être une ACL,,no,no,0/6,0/6,standard,measured-2026-07-12,Source : jauderho/nts-servers
nts2.ntp.hr,UNIZG FER REMLAB,Croatia,,server,yes,public,yes,no,silent — port 4460 muet — peut être une ACL,,no,no,0/6,0/6,standard,measured-2026-07-12,Source : jauderho/nts-servers
time.cincura.net,Jiří Činčura,Czech Republic,,server,yes,public,yes,yes,yes — NTS utilisable : ALPN ntske/1 + certificat valide pour ce nom,1,yes,yes,6/6,6/6,standard,measured-2026-07-12,Source : jauderho/nts-servers
ntp.miuku.net,miuku.net,Finland,,server,yes,public,yes,yes,yes — NTS utilisable : ALPN ntske/1 + certificat valide pour ce nom,2,yes,yes,6/6,6/6,standard,measured-2026-07-12,Source : jauderho/nts-servers
ntp1.rdem-systems.com,RDEM Systems,France,,alias,no,public,yes,yes,yes — NTS utilisable : ALPN ntske/1 + certificat valide pour ce nom,3,yes,yes,6/6,6/6,standard,measured-2026-07-12,Alias DNS de ntp-1.rdem-systems.com (45.13.156.1) — MÊME machine. Exclu des décomptes.
ntp2.rdem-systems.com,RDEM Systems,France,,alias,no,public,yes,yes,yes — NTS utilisable : ALPN ntske/1 + certificat valide pour ce nom,2,yes,yes,6/6,6/6,standard,measured-2026-07-12,Alias DNS de ntp-2.rdem-systems.com (45.13.156.2) — MÊME machine. Exclu des décomptes.
ntp3.rdem-systems.com,RDEM Systems,France,,alias,no,public,yes,yes,yes — NTS utilisable : ALPN ntske/1 + certificat valide pour ce nom,3,yes,yes,6/6,6/6,standard,measured-2026-07-12,Alias DNS de ntp-3.rdem-systems.com (45.13.156.3) — MÊME machine. Exclu des décomptes.
ntp4.rdem-systems.com,RDEM Systems,France,,alias,no,public,yes,yes,yes — NTS utilisable : ALPN ntske/1 + certificat valide pour ce nom,2,yes,yes,6/6,6/6,standard,measured-2026-07-12,Alias DNS de ntp-4.rdem-systems.com (45.13.156.4) — MÊME machine. Exclu des décomptes.
ntp5.rdem-systems.com,RDEM Systems,France,,alias,no,public,yes,yes,yes — NTS utilisable : ALPN ntske/1 + certificat valide pour ce nom,3,yes,yes,6/6,6/6,standard,measured-2026-07-12,Alias DNS de ntp-5.rdem-systems.com (45.13.156.5) — MÊME machine. Exclu des décomptes.
ntp6.rdem-systems.com,RDEM Systems,France,,alias,no,public,yes,yes,yes — NTS utilisable : ALPN ntske/1 + certificat valide pour ce nom,2,yes,yes,6/6,6/6,standard,measured-2026-07-12,Alias DNS de ntp-6.rdem-systems.com (45.13.156.6) — MÊME machine. Exclu des décomptes.
ntp8.rdem-systems.com,RDEM Systems,France,,alias,no,public,yes,yes,yes — NTS utilisable : ALPN ntske/1 + certificat valide pour ce nom,2,yes,yes,6/6,6/6,standard,measured-2026-07-12,Alias DNS de ntp-8.rdem-systems.com (45.13.156.18) — MÊME machine. Exclu des décomptes.
ntp9.rdem-systems.com,RDEM Systems,France,,alias,no,public,yes,yes,yes — NTS utilisable : ALPN ntske/1 + certificat valide pour ce nom,2,yes,yes,6/6,6/6,standard,measured-2026-07-12,Alias DNS de ntp-9.rdem-systems.com (195.12.227.213) — MÊME machine. Exclu des décomptes.
ntp10.rdem-systems.com,RDEM Systems,France,,alias,no,public,yes,yes,yes — NTS utilisable : ALPN ntske/1 + certificat valide pour ce nom,2,yes,yes,6/6,6/6,standard,measured-2026-07-12,Alias DNS de ntp-10.rdem-systems.com (185.10.255.61) — MÊME machine. Exclu des décomptes.
ntp11.rdem-systems.com,RDEM Systems,France,,alias,no,public,yes,yes,yes — NTS utilisable : ALPN ntske/1 + certificat valide pour ce nom,2,yes,yes,6/6,6/6,standard,measured-2026-07-12,Alias DNS de ntp-11.rdem-systems.com (217.26.140.161) — MÊME machine. Exclu des décomptes.
ntp3.fau.de,FAU,Germany,,server,yes,public,yes,yes,yes — NTS utilisable : ALPN ntske/1 + certificat valide pour ce nom,1,no,yes,6/6,6/6,standard,measured-2026-07-12,Source : jauderho/nts-servers
ntp3.ipv6.fau.de,FAU,Germany,,server,yes,public,yes,yes,yes — NTS utilisable : ALPN ntske/1 + certificat valide pour ce nom,1,yes,yes,6/6,6/6,standard,measured-2026-07-12,Source : jauderho/nts-servers
ntp7.rdem-systems.com,RDEM Systems,Germany,,alias,no,public,yes,yes,yes — NTS utilisable : ALPN ntske/1 + certificat valide pour ce nom,2,yes,yes,6/6,6/6,standard,measured-2026-07-12,Alias DNS de ntp-7.rdem-systems.com (51.68.180.82) — MÊME machine. Exclu des décomptes.
www.jabber-germany.de,Jörg Morbitzer,Germany,,server,yes,public,yes,yes,yes — NTS utilisable : ALPN ntske/1 + certificat valide pour ce nom,2,yes,yes,6/6,6/6,standard,measured-2026-07-12,Source : jauderho/nts-servers
www.masters-of-cloud.de,Jörg Morbitzer,Germany,,server,yes,public,yes,yes,yes — NTS utilisable : ALPN ntske/1 + certificat valide pour ce nom,2,no,yes,6/6,6/6,standard,measured-2026-07-12,Source : jauderho/nts-servers
ntp.nanosrvr.cloud,Michael Byczkowski,Germany,,server,yes,public,yes,yes,yes — NTS utilisable : ALPN ntske/1 + certificat valide pour ce nom,1,yes,yes,6/6,6/6,standard,measured-2026-07-12,Source : jauderho/nts-servers
1.nts.nothingtohide.nl,Nothing to hide,Netherlands,,server,yes,public,yes,yes,yes — NTS utilisable : ALPN ntske/1 + certificat valide pour ce nom,2,yes,yes,6/6,6/6,standard,measured-2026-07-12,Source : jauderho/nts-servers
2.nts.nothingtohide.nl,Nothing to hide,Netherlands,,server,yes,public,yes,yes,yes — NTS utilisable : ALPN ntske/1 + certificat valide pour ce nom,2,yes,yes,6/6,6/6,standard,measured-2026-07-12,Source : jauderho/nts-servers
3.nts.nothingtohide.nl,Nothing to hide,Netherlands,,server,yes,public,yes,yes,yes — NTS utilisable : ALPN ntske/1 + certificat valide pour ce nom,2,yes,yes,6/6,6/6,standard,measured-2026-07-12,Source : jauderho/nts-servers
4.nts.nothingtohide.nl,Nothing to hide,Netherlands,,server,yes,public,yes,yes,yes — NTS utilisable : ALPN ntske/1 + certificat valide pour ce nom,2,yes,yes,6/6,6/6,standard,measured-2026-07-12,Source : jauderho/nts-servers
ntppool2.time.nl,TimeNL,Netherlands,,server,yes,public,yes,yes,yes — NTS utilisable : ALPN ntske/1 + certificat valide pour ce nom,1,yes,yes,6/6,6/6,standard,measured-2026-07-12,Source : jauderho/nts-servers
nts.decepticon.space,Rick Betting,Netherlands,,server,yes,public,yes,yes,yes — NTS utilisable : ALPN ntske/1 + certificat valide pour ce nom,1,yes,yes,6/6,6/6,standard,measured-2026-07-12,Source : jauderho/nts-servers
gbg1.nts.netnod.se,Netnod,Sweden,,server,yes,public,yes,yes,yes — NTS utilisable : ALPN ntske/1 + certificat valide pour ce nom,,no,no,6/6,0/6,standard,measured-2026-07-12,Source : jauderho/nts-servers
gbg2.nts.netnod.se,Netnod,Sweden,,server,yes,public,yes,yes,yes — NTS utilisable : ALPN ntske/1 + certificat valide pour ce nom,,no,no,6/6,0/6,standard,measured-2026-07-12,Source : jauderho/nts-servers
lul1.nts.netnod.se,Netnod,Sweden,,server,yes,public,yes,yes,yes — NTS utilisable : ALPN ntske/1 + certificat valide pour ce nom,,no,no,6/6,0/6,standard,measured-2026-07-12,Source : jauderho/nts-servers
lul2.nts.netnod.se,Netnod,Sweden,,server,yes,public,yes,yes,yes — NTS utilisable : ALPN ntske/1 + certificat valide pour ce nom,,no,no,6/6,0/6,standard,measured-2026-07-12,Source : jauderho/nts-servers
mmo1.nts.netnod.se,Netnod,Sweden,,server,yes,public,yes,yes,yes — NTS utilisable : ALPN ntske/1 + certificat valide pour ce nom,,no,no,6/6,0/6,standard,measured-2026-07-12,Source : jauderho/nts-servers
mmo2.nts.netnod.se,Netnod,Sweden,,server,yes,public,yes,yes,yes — NTS utilisable : ALPN ntske/1 + certificat valide pour ce nom,,no,no,6/6,0/6,standard,measured-2026-07-12,Source : jauderho/nts-servers
sth2.nts.netnod.se,Netnod,Sweden,,server,yes,public,yes,yes,yes — NTS utilisable : ALPN ntske/1 + certificat valide pour ce nom,,no,no,6/6,0/6,standard,measured-2026-07-12,Source : jauderho/nts-servers
svl1.nts.netnod.se,Netnod,Sweden,,server,yes,public,yes,yes,yes — NTS utilisable : ALPN ntske/1 + certificat valide pour ce nom,,no,no,6/6,0/6,standard,measured-2026-07-12,Source : jauderho/nts-servers
svl2.nts.netnod.se,Netnod,Sweden,,server,yes,public,yes,yes,yes — NTS utilisable : ALPN ntske/1 + certificat valide pour ce nom,,no,no,6/6,0/6,standard,measured-2026-07-12,Source : jauderho/nts-servers
mirror.mdapi.ch,Martino Dell'Ambrogio,Switzerland,,server,yes,public,yes,yes,yes — NTS utilisable : ALPN ntske/1 + certificat valide pour ce nom,1,yes,yes,6/6,6/6,standard,measured-2026-07-12,Source : jauderho/nts-servers
ntp.3eck.net,Adrian Zaugg,Switzerland,,server,yes,public,yes,yes,yes — NTS utilisable : ALPN ntske/1 + certificat valide pour ce nom,2,yes,yes,6/6,6/6,standard,measured-2026-07-12,Source : jauderho/nts-servers
ntp01.maillink.ch,Ueli Heuer,Switzerland,,server,yes,public,yes,yes,yes — NTS utilisable : ALPN ntske/1 + certificat valide pour ce nom,1,yes,yes,6/6,6/6,standard,measured-2026-07-12,Source : jauderho/nts-servers
ntp02.maillink.ch,Ueli Heuer,Switzerland,,server,yes,public,yes,yes,yes — NTS utilisable : ALPN ntske/1 + certificat valide pour ce nom,1,yes,yes,6/6,6/6,standard,measured-2026-07-12,Source : jauderho/nts-servers
ntp03.maillink.ch,Ueli Heuer,Switzerland,,server,yes,public,yes,yes,yes — NTS utilisable : ALPN ntske/1 + certificat valide pour ce nom,1,yes,yes,6/6,6/6,standard,measured-2026-07-12,Source : jauderho/nts-servers
solarium.stellata.ch,stellata.ch,Switzerland,,server,yes,public,yes,yes,yes — NTS utilisable : ALPN ntske/1 + certificat valide pour ce nom,2,no,yes,6/6,6/6,standard,measured-2026-07-12,Source : jauderho/nts-servers
time.signorini.ch,Attilio Signorini,Switzerland,,server,yes,public,yes,no,dns — le nom ne résout pas,,no,no,0/6,0/6,standard,measured-2026-07-12,Source : jauderho/nts-servers
ntp2.glypnod.com,Hal Murray,United Kingdom,,server,yes,public,yes,yes,yes — NTS utilisable : ALPN ntske/1 + certificat valide pour ce nom,2,yes,yes,6/6,6/6,standard,measured-2026-07-12,Source : jauderho/nts-servers
ntp1.dmz.terryburton.co.uk,Terry Burton,United Kingdom,,server,yes,public,yes,yes,yes — NTS utilisable : ALPN ntske/1 + certificat valide pour ce nom,1,yes,yes,6/6,6/6,standard,measured-2026-07-12,Source : jauderho/nts-servers
ntp2.dmz.terryburton.co.uk,Terry Burton,United Kingdom,,server,yes,public,yes,yes,yes — NTS utilisable : ALPN ntske/1 + certificat valide pour ce nom,1,yes,yes,6/6,6/6,standard,measured-2026-07-12,Source : jauderho/nts-servers
ntp0.cam.ac.uk,"University of Cambridge, University Information Services (UIS)",United Kingdom,,server,yes,public,yes,yes,yes — NTS utilisable : ALPN ntske/1 + certificat valide pour ce nom,2,yes,yes,6/6,6/6,standard,measured-2026-07-12,Source : jauderho/nts-servers
ntp1.cam.ac.uk,"University of Cambridge, University Information Services (UIS)",United Kingdom,,server,yes,public,yes,yes,yes — NTS utilisable : ALPN ntske/1 + certificat valide pour ce nom,2,yes,yes,6/6,6/6,standard,measured-2026-07-12,Source : jauderho/nts-servers
ntp2.cam.ac.uk,"University of Cambridge, Department of Engineering",United Kingdom,,server,yes,public,yes,yes,yes — NTS utilisable : ALPN ntske/1 + certificat valide pour ce nom,2,no,yes,6/6,6/6,standard,measured-2026-07-12,Source : jauderho/nts-servers
ntp3.cam.ac.uk,"University of Cambridge, University Information Services (UIS)",United Kingdom,,server,yes,public,yes,yes,yes — NTS utilisable : ALPN ntske/1 + certificat valide pour ce nom,2,yes,yes,6/6,6/6,standard,measured-2026-07-12,Source : jauderho/nts-servers
ntp.cesnet.cz,CESNET (NREN),Czech Republic,,academic,yes,public,unknown,no,refused — port 4460 fermé,1,yes,yes,0/6,6/6,standard,measured-2026-07-12,
tik.cesnet.cz,CESNET (NREN),Czech Republic,,alias,no,public,unknown,no,refused — port 4460 fermé,1,yes,yes,0/6,6/6,standard,measured-2026-07-12,Alias DNS de ntp.cesnet.cz (195.113.144.201) — MÊME machine. Exclu des décomptes.
ntp.switch.ch,SWITCH (NREN),Switzerland,,academic,yes,public,unknown,no,cert-invalid — NTS INUTILISABLE : certificat émis pour un AUTRE nom — un client conforme refuse (RFC 8915),1,yes,yes,0/6,6/6,standard,measured-2026-07-12,"NTS INUTILISABLE SOUS CE NOM : le serveur NTS-KE écoute et négocie l'ALPN, mais son certificat Let's Encrypt est émis pour swice-nts1.switch.ch. Un client conforme (chrony, ntpsec) échoue la validation du nom — la RFC 8915 l'impose. UTILISER swice-nts1.switch.ch À LA PLACE : même service, certificat valide, stratum 1. Erreur d'exploitation, pas absence de NTS."
ntp.funet.fi,Funet / CSC (NREN),Finland,,academic,yes,public,unknown,no,silent — port 4460 muet — peut être une ACL,,no,no,0/6,0/6,standard,measured-2026-07-12,
ntp1.funet.fi,Funet / CSC (NREN),Finland,,alias,no,public,unknown,no,silent — port 4460 muet — peut être une ACL,,no,no,0/6,0/6,standard,measured-2026-07-12,Alias DNS de ntp.funet.fi (193.166.5.177) — MÊME machine. Exclu des décomptes.
ntp2.funet.fi,Funet / CSC (NREN),Finland,,academic,yes,public,unknown,no,silent — port 4460 muet — peut être une ACL,,no,no,0/6,0/6,standard,measured-2026-07-12,
time.mikes.fi,VTT MIKES (institut de métrologie),Finland,,national metrology,yes,public,unknown,no,silent — port 4460 muet — peut être une ACL,2,no,yes,0/6,6/6,standard,measured-2026-07-12,
ntp.uninett.no,Sikt / Uninett (NREN),Norway,,academic,yes,public,unknown,no,silent — port 4460 muet — peut être une ACL,2,yes,yes,0/6,6/6,standard,measured-2026-07-12,
ntp1.uninett.no,Sikt / Uninett (NREN),Norway,,academic,yes,public,unknown,no,refused — port 4460 fermé,2,yes,yes,0/6,6/6,standard,measured-2026-07-12,
ntp.vsl.nl,VSL (institut de métrologie),Netherlands,,national metrology,yes,public,unknown,no,refused — port 4460 fermé,1,no,yes,0/6,6/6,standard,measured-2026-07-12,
ntp.grnet.gr,GRNET (NREN),Greece,,academic,yes,public,unknown,no,silent — port 4460 muet — peut être une ACL,2,yes,yes,0/6,6/6,standard,measured-2026-07-12,
ntp.litnet.lt,LITNET (NREN),Lithuania,,academic,yes,public,unknown,no,silent — port 4460 muet — peut être une ACL,1,yes,yes,0/6,6/6,standard,measured-2026-07-12,
time.windows.com,Microsoft,International,,hyperscaler,yes,public,unknown,no,silent — port 4460 muet — peut être une ACL,4,no,yes,0/6,6/6,standard,measured-2026-07-12,
time.aws.com,Amazon Web Services,International,,hyperscaler,yes,public,unknown,no,silent — port 4460 muet — peut être une ACL,4,yes,yes,0/6,6/6,standard,measured-2026-07-12,
europe.pool.ntp.org,NTP Pool Project — zone Europe,International,,pool,no,public,unknown,no,silent — port 4460 muet — peut être une ACL,2,no,yes,0/6,6/6,standard,measured-2026-07-12,"Zone pool communautaire : tourniquet DNS sur serveurs bénévoles. Le pool ne PEUT pas servir de NTS (cf. RFC 8915 §4.1.7 + §8.2). Sondé pour référence, EXCLU des décomptes."
fr.pool.ntp.org,NTP Pool Project — zone FR,France,,pool,no,public,unknown,no,cert-invalid — NTS INUTILISABLE : certificat émis pour un AUTRE nom — un client conforme refuse (RFC 8915),3,no,yes,0/6,6/6,standard,measured-2026-07-12,"Zone pool communautaire : tourniquet DNS sur serveurs bénévoles. Le pool ne PEUT pas servir de NTS (cf. RFC 8915 §4.1.7 + §8.2). Sondé pour référence, EXCLU des décomptes."
de.pool.ntp.org,NTP Pool Project — zone DE,Germany,,pool,no,public,unknown,no,cert-invalid — NTS INUTILISABLE : certificat émis pour un AUTRE nom — un client conforme refuse (RFC 8915),2,no,yes,0/6,6/6,standard,measured-2026-07-12,"Zone pool communautaire : tourniquet DNS sur serveurs bénévoles. Le pool ne PEUT pas servir de NTS (cf. RFC 8915 §4.1.7 + §8.2). Sondé pour référence, EXCLU des décomptes."
it.pool.ntp.org,NTP Pool Project — zone IT,Italy,,pool,no,public,unknown,no,cert-invalid — NTS INUTILISABLE : certificat émis pour un AUTRE nom — un client conforme refuse (RFC 8915),3,no,yes,0/6,6/6,standard,measured-2026-07-12,"Zone pool communautaire : tourniquet DNS sur serveurs bénévoles. Le pool ne PEUT pas servir de NTS (cf. RFC 8915 §4.1.7 + §8.2). Sondé pour référence, EXCLU des décomptes."
pl.pool.ntp.org,NTP Pool Project — zone PL,Poland,,pool,no,public,unknown,no,cert-invalid — NTS INUTILISABLE : certificat émis pour un AUTRE nom — un client conforme refuse (RFC 8915),2,no,yes,0/6,6/6,standard,measured-2026-07-12,"Zone pool communautaire : tourniquet DNS sur serveurs bénévoles. Le pool ne PEUT pas servir de NTS (cf. RFC 8915 §4.1.7 + §8.2). Sondé pour référence, EXCLU des décomptes."
fi.pool.ntp.org,NTP Pool Project — zone FI,Finland,,pool,no,public,unknown,no,silent — port 4460 muet — peut être une ACL,2,no,yes,0/6,6/6,standard,measured-2026-07-12,"Zone pool communautaire : tourniquet DNS sur serveurs bénévoles. Le pool ne PEUT pas servir de NTS (cf. RFC 8915 §4.1.7 + §8.2). Sondé pour référence, EXCLU des décomptes."
no.pool.ntp.org,NTP Pool Project — zone NO,Norway,,pool,no,public,unknown,no,cert-invalid — NTS INUTILISABLE : certificat émis pour un AUTRE nom — un client conforme refuse (RFC 8915),3,no,yes,0/6,6/6,standard,measured-2026-07-12,"Zone pool communautaire : tourniquet DNS sur serveurs bénévoles. Le pool ne PEUT pas servir de NTS (cf. RFC 8915 §4.1.7 + §8.2). Sondé pour référence, EXCLU des décomptes."
pt.pool.ntp.org,NTP Pool Project — zone PT,Portugal,,pool,no,public,unknown,no,cert-invalid — NTS INUTILISABLE : certificat émis pour un AUTRE nom — un client conforme refuse (RFC 8915),3,no,yes,0/6,6/6,standard,measured-2026-07-12,"Zone pool communautaire : tourniquet DNS sur serveurs bénévoles. Le pool ne PEUT pas servir de NTS (cf. RFC 8915 §4.1.7 + §8.2). Sondé pour référence, EXCLU des décomptes."
ro.pool.ntp.org,NTP Pool Project — zone RO,Romania,,pool,no,public,unknown,no,cert-invalid — NTS INUTILISABLE : certificat émis pour un AUTRE nom — un client conforme refuse (RFC 8915),3,no,yes,0/6,6/6,standard,measured-2026-07-12,"Zone pool communautaire : tourniquet DNS sur serveurs bénévoles. Le pool ne PEUT pas servir de NTS (cf. RFC 8915 §4.1.7 + §8.2). Sondé pour référence, EXCLU des décomptes."
hu.pool.ntp.org,NTP Pool Project — zone HU,Hungary,,pool,no,public,unknown,no,cert-invalid — NTS INUTILISABLE : certificat émis pour un AUTRE nom — un client conforme refuse (RFC 8915),2,no,yes,0/6,6/6,standard,measured-2026-07-12,"Zone pool communautaire : tourniquet DNS sur serveurs bénévoles. Le pool ne PEUT pas servir de NTS (cf. RFC 8915 §4.1.7 + §8.2). Sondé pour référence, EXCLU des décomptes."
ie.pool.ntp.org,NTP Pool Project — zone IE,Ireland,,pool,no,public,unknown,no,cert-invalid — NTS INUTILISABLE : certificat émis pour un AUTRE nom — un client conforme refuse (RFC 8915),3,no,yes,0/6,6/6,standard,measured-2026-07-12,"Zone pool communautaire : tourniquet DNS sur serveurs bénévoles. Le pool ne PEUT pas servir de NTS (cf. RFC 8915 §4.1.7 + §8.2). Sondé pour référence, EXCLU des décomptes."
cz.pool.ntp.org,NTP Pool Project — zone CZ,Czech Republic,,pool,no,public,unknown,no,silent — port 4460 muet — peut être une ACL,2,no,yes,0/6,6/6,standard,measured-2026-07-12,"Zone pool communautaire : tourniquet DNS sur serveurs bénévoles. Le pool ne PEUT pas servir de NTS (cf. RFC 8915 §4.1.7 + §8.2). Sondé pour référence, EXCLU des décomptes."
hr.pool.ntp.org,NTP Pool Project — zone HR,Croatia,,pool,no,public,unknown,no,silent — port 4460 muet — peut être une ACL,2,no,yes,0/6,6/6,standard,measured-2026-07-12,"Zone pool communautaire : tourniquet DNS sur serveurs bénévoles. Le pool ne PEUT pas servir de NTS (cf. RFC 8915 §4.1.7 + §8.2). Sondé pour référence, EXCLU des décomptes."
ntp.rxtx.dk,RXTX,Denmark,Copenhagen,community,yes,public,unknown,no,silent — port 4460 muet — peut être une ACL,1,yes,yes,0/6,6/6,standard,measured-2026-07-12,Stratum 1 GNSS/PPS; source: Network Time Foundation public-server registry (updated 2026-03-16).
clock1.infonet.ee,Infonet,Estonia,Tallinn,community,yes,public,unknown,no,refused — port 4460 fermé,1,yes,yes,0/6,6/6,standard,measured-2026-07-12,Stratum 1 GPS/PPS; source: Network Time Foundation public-server registry.
clock2.infonet.ee,Infonet,Estonia,Tallinn,community,yes,public,unknown,no,refused — port 4460 fermé,1,yes,yes,0/6,6/6,standard,measured-2026-07-12,Stratum 1 GPS/PPS; source: Network Time Foundation public-server registry.
ntp.cert.lv,CERT.LV,Latvia,Latvia,national cybersecurity,yes,public,unknown,no,silent — port 4460 muet — peut être une ACL,1,yes,yes,0/6,6/6,standard,measured-2026-07-12,Official public cluster of stratum 1 and 2 servers; CERT.LV documentation updated 2024-01-12.
ht-time01.isnic.is,ISNIC,Iceland,Reykjavik,alias,no,public,unknown,no,silent — port 4460 muet — peut être une ACL,1,yes,yes,0/6,6/6,standard,measured-2026-07-12,Alias DNS de time0.ntp.is (193.4.58.77) — MÊME machine. Exclu des décomptes.
mh-time01.isnic.is,ISNIC,Iceland,Reykjavik,alias,no,public,unknown,no,silent — port 4460 muet — peut être une ACL,2,yes,yes,0/6,6/6,standard,measured-2026-07-12,Alias DNS de time1.ntp.is (185.93.157.24) — MÊME machine. Exclu des décomptes.
ntp1.arnes.si,ARNES,Slovenia,Ljubljana,academic,yes,public,unknown,no,silent — port 4460 muet — peut être une ACL,1,yes,yes,0/6,6/6,standard,measured-2026-07-12,Official Slovenian NREN endpoint; ARNES documents stratum 1 and IPv4/IPv6.
ntp2.arnes.si,ARNES,Slovenia,Ljubljana,academic,yes,public,unknown,no,silent — port 4460 muet — peut être une ACL,1,yes,yes,0/6,6/6,standard,measured-2026-07-12,Official Slovenian NREN endpoint; ARNES documents stratum 1 and IPv4/IPv6.
1.pool.chrony.eu,chrony.eu,Slovenia,Slovenia,community,yes,public,unknown,yes,yes — NTS utilisable : ALPN ntske/1 + certificat valide pour ce nom,1,yes,yes,6/6,6/6,standard,measured-2026-07-12,Serveur GNSS/PPS individuel du cluster chrony.eu — PAS une entrée pool à tourniquet DNS.
2.pool.chrony.eu,chrony.eu,Slovenia,Slovenia,community,yes,public,unknown,yes,yes — NTS utilisable : ALPN ntske/1 + certificat valide pour ce nom,1,yes,yes,6/6,6/6,standard,measured-2026-07-12,Serveur GNSS/PPS individuel du cluster chrony.eu — PAS une entrée pool à tourniquet DNS.
3.pool.chrony.eu,chrony.eu,Slovenia,Slovenia,community,yes,public,unknown,yes,yes — NTS utilisable : ALPN ntske/1 + certificat valide pour ce nom,1,yes,yes,6/6,6/6,standard,measured-2026-07-12,Serveur GNSS/PPS individuel du cluster chrony.eu — PAS une entrée pool à tourniquet DNS.
4.pool.chrony.eu,chrony.eu,Slovenia,Slovenia,community,yes,public,unknown,yes,yes — NTS utilisable : ALPN ntske/1 + certificat valide pour ce nom,1,yes,yes,6/6,6/6,standard,measured-2026-07-12,Serveur GNSS/PPS individuel du cluster chrony.eu — PAS une entrée pool à tourniquet DNS.
vreme2.dmdm.rs,DMDM,Serbia,Belgrade,national metrology,yes,public,unknown,no,silent — port 4460 muet — peut être une ACL,2,no,yes,0/6,6/6,standard,measured-2026-07-12,Endpoint public stratum 2 officiel distribuant UTC(DMDM).
swice-nts1.switch.ch,SWITCH (NREN),Switzerland,Zurich,academic,yes,public,unknown,yes,yes — NTS utilisable : ALPN ntske/1 + certificat valide pour ce nom,1,yes,yes,6/6,6/6,standard,measured-2026-07-12,"Endpoint NTS RÉEL du NREN suisse (certificat valide, stratum 1). C'est ce nom qu'il faut configurer — PAS ntp.switch.ch, dont le certificat ne valide pas."
time.dfm.dk,DFM (institut de métrologie danois),Denmark,Copenhagen,national metrology,yes,public,unknown,yes,yes — NTS utilisable : ALPN ntske/1 + certificat valide pour ce nom,1,yes,yes,6/6,6/6,standard,measured-2026-07-12,"Stratum 1, NTS, IPv6."
ntp.units.it,Université de Trieste,Italy,Trieste,academic,yes,public,unknown,no,silent — port 4460 muet — peut être une ACL,2,no,yes,0/6,6/6,standard,measured-2026-07-12,Une des rares sources italiennes ouvertes hors INRiM.
ntp0.fau.de,FAU Erlangen-Nuremberg,Germany,Erlangen,academic,yes,public,unknown,yes,yes — NTS utilisable : ALPN ntske/1 + certificat valide pour ce nom,1,no,yes,6/6,6/6,standard,measured-2026-07-12,
rustime01.rus.uni-stuttgart.de,Université de Stuttgart,Germany,Stuttgart,academic,yes,public,unknown,no,silent — port 4460 muet — peut être une ACL,1,yes,yes,0/6,6/6,standard,measured-2026-07-12,
rustime02.rus.uni-stuttgart.de,Université de Stuttgart,Germany,Stuttgart,academic,yes,public,unknown,no,silent — port 4460 muet — peut être une ACL,1,yes,yes,0/6,6/6,standard,measured-2026-07-12,
ntp1.lrz.de,LRZ Munich,Germany,Munich,academic,yes,public,unknown,no,silent — port 4460 muet — peut être une ACL,1,yes,yes,0/6,6/6,standard,measured-2026-07-12,
ntp3.lrz.de,LRZ Munich,Germany,Munich,academic,yes,public,unknown,no,silent — port 4460 muet — peut être une ACL,1,yes,yes,0/6,6/6,standard,measured-2026-07-12,
ntp.rwth-aachen.de,RWTH Aachen,Germany,Aachen,academic,yes,public,unknown,yes,yes — NTS utilisable : ALPN ntske/1 + certificat valide pour ce nom,1,yes,yes,6/6,6/6,standard,measured-2026-07-12,
ntp2.rwth-aachen.de,RWTH Aachen,Germany,Aachen,academic,yes,public,unknown,yes,yes — NTS utilisable : ALPN ntske/1 + certificat valide pour ce nom,1,yes,yes,6/6,6/6,standard,measured-2026-07-12,
ntp1.gwdg.de,GWDG Göttingen,Germany,Göttingen,academic,yes,public,unknown,no,silent — port 4460 muet — peut être une ACL,1,no,yes,0/6,6/6,standard,measured-2026-07-12,
ntp2.gwdg.de,GWDG Göttingen,Germany,Göttingen,academic,yes,public,unknown,no,silent — port 4460 muet — peut être une ACL,1,no,yes,0/6,6/6,standard,measured-2026-07-12,
ntp.uni-ulm.de,Université d'Ulm,Germany,Ulm,academic,yes,public,unknown,yes,yes — NTS utilisable : ALPN ntske/1 + certificat valide pour ce nom,2,yes,yes,6/6,6/6,standard,measured-2026-07-12,
time1.mikes.fi,VTT MIKES,Finland,Espoo,national metrology,yes,public,unknown,no,silent — port 4460 muet — peut être une ACL,2,no,yes,0/6,6/6,standard,measured-2026-07-12,
time2.mikes.fi,VTT MIKES,Finland,Espoo,national metrology,yes,public,unknown,no,silent — port 4460 muet — peut être une ACL,2,no,yes,0/6,6/6,standard,measured-2026-07-12,
ntp.heanet.ie,HEAnet (NREN),Ireland,Dublin,academic,yes,public,unknown,no,silent — port 4460 muet — peut être une ACL,1,yes,yes,0/6,6/6,standard,measured-2026-07-12,
chronos.restena.lu,RESTENA (NREN),Luxembourg,Luxembourg,academic,yes,public,unknown,no,silent — port 4460 muet — peut être une ACL,1,yes,yes,0/6,6/6,standard,measured-2026-07-12,
time.restena.lu,RESTENA (NREN),Luxembourg,Luxembourg,academic,yes,public,unknown,no,silent — port 4460 muet — peut être une ACL,2,yes,yes,0/6,6/6,standard,measured-2026-07-12,
ntp2.uninett.no,Sikt / Uninett (NREN),Norway,Trondheim,academic,yes,public,unknown,no,silent — port 4460 muet — peut être une ACL,2,yes,yes,0/6,6/6,standard,measured-2026-07-12,
ntp-public.uit.no,Université de Tromsø,Norway,Tromsø,academic,yes,public,unknown,no,silent — port 4460 muet — peut être une ACL,1,no,yes,0/6,6/6,standard,measured-2026-07-12,
ntp04.oal.ul.pt,Observatoire de Lisbonne,Portugal,Lisbonne,national metrology,yes,public,unknown,no,silent — port 4460 muet — peut être une ACL,2,no,partial,0/6,5/6,standard,measured-2026-07-12,
swice-nts2.switch.ch,SWITCH (NREN),Switzerland,Zurich,academic,yes,public,unknown,no,dns — le nom ne résout pas,,no,no,0/6,0/6,standard,measured-2026-07-12,
chime1.surfnet.nl,SURF (NREN),Netherlands,Utrecht,academic,yes,public,unknown,no,silent — port 4460 muet — peut être une ACL,1,no,yes,0/6,6/6,standard,measured-2026-07-12,
chime2.surfnet.nl,SURF (NREN),Netherlands,Utrecht,academic,yes,public,unknown,no,silent — port 4460 muet — peut être une ACL,1,yes,yes,0/6,6/6,standard,measured-2026-07-12,
chime3.surfnet.nl,SURF (NREN),Netherlands,Utrecht,academic,yes,public,unknown,no,silent — port 4460 muet — peut être une ACL,2,yes,yes,0/6,6/6,standard,measured-2026-07-12,
ntp1.sp.se,RISE (institut de métrologie),Sweden,Borås,national metrology,yes,public,unknown,no,refused — port 4460 fermé,1,no,yes,0/6,6/6,standard,measured-2026-07-12,
ntp2.sp.se,RISE (institut de métrologie),Sweden,Borås,national metrology,yes,public,unknown,no,silent — port 4460 muet — peut être une ACL,1,no,yes,0/6,6/6,standard,measured-2026-07-12,
time0.ntp.is,ISNIC,Iceland,Reykjavik,operator,yes,public,unknown,no,silent — port 4460 muet — peut être une ACL,1,yes,yes,0/6,6/6,standard,measured-2026-07-12,
time1.ntp.is,ISNIC,Iceland,Reykjavik,operator,yes,public,unknown,no,silent — port 4460 muet — peut être une ACL,2,yes,yes,0/6,6/6,standard,measured-2026-07-12,
hercules.eim.gr,EIM (institut de métrologie grec),Greece,Athènes,national metrology,yes,public,unknown,no,silent — port 4460 muet — peut être une ACL,,no,no,0/6,0/6,standard,measured-2026-07-12,
ntp01.fccn.pt,FCCN (NREN),Portugal,Lisbonne,academic,yes,public,unknown,no,silent — port 4460 muet — peut être une ACL,,no,no,0/6,0/6,standard,measured-2026-07-12,
ntp02.fccn.pt,FCCN (NREN),Portugal,Lisbonne,academic,yes,public,unknown,no,error — erreur,,no,no,0/6,0/6,standard,measured-2026-07-12,
